"id","title","status","media_type","duration","publish_date","tags","custom_parameters","created_at","updated_at"
"jFk0k5kU","Steven Furtick - He Was The One (Part 2)","ready","video",1649.9420166015625,"2024-04-05 19:00:00.000","[""steven furtick"",""Faith"",""Trust God"",""Purpose"",""Relationships"",""Relationship with God"",""Faithfulness"",""Religion"",""Judgement"",""Thankfulness"",""Episode"",""inActive"",""seriesId_mT4Z2qko"",""2 Kings 14:22""]","{""rating"":""TV-G"",""language"":""English"",""networks"":""TBN"",""TBNmediaId"":""HD-SF241406"",""programName"":""Steven Furtick"",""publishDate"":""April 04, 2024"",""seasonNumber"":""24"",""episodeNumber"":""101"",""seasonEpisode"":""S24:E101"",""biblicalPeople"":""David"",""watchButtonLabel"":""Start Watching""}","2024-04-06 17:07:51.000","2024-04-06 17:47:40.000"
"5onkPZmY","Centerpoint - January 17, 2024","ready","video",32.599998474121094,"2024-01-18 00:30:00.000","[""Movie"",""Morning on Merit Street""]","{""Host"":""Mike Huckabee"",""Genre"":""Religion;Talk Show"",""TBNmediaId"":""HD-MBS10006"",""EpisodeNumber"":""4"",""programe_name"":"""",""transactionId"":""32901945-5372-4466-abeb-6a94a412b79b""}","2024-02-23 09:34:31.000","2024-02-23 09:35:07.000"
"xOr2kDE3","Centerpoint - January 17, 2024","processing","video",32.599998474121094,"2024-01-18 00:30:00.000","[""Movie"",""Morning on Merit Street""]","{""Host"":""Mike Huckabee"",""Genre"":""Religion;Talk Show"",""TBNmediaId"":""HD-MBS10006"",""EpisodeNumber"":""4"",""programe_name"":"""",""transactionId"":""32901945-5372-4466-abeb-6a94a412b79b""}","2024-02-23 09:33:31.000","2024-02-23 09:33:41.000"
"9iTaoXzA","Centerpoint - January 17, 2024","ready","video",32.599998474121094,"2024-01-18 00:30:00.000","[""Movie"",""Morning on Merit Street""]","{""Host"":""Mike Huckabee"",""Genre"":""Religion;Talk Show"",""TBNmediaId"":""HD-MBS10006"",""EpisodeNumber"":""4"",""programe_name"":"""",""transactionId"":""32901945-5372-4466-abeb-6a94a412b79b""}","2024-02-23 09:33:01.000","2024-02-23 09:33:10.000"
"03E05omi","A Mental Battle Part 2","ready","video",1649.030029296875,"2021-04-13 14:30:00.000","[""Church"",""Gospel"",""Christianity"",""Religion"",""Truth"",""Political Correctness"",""Witness/Witnessing"",""Word of God"",""Episode"",""seriesId_hLcMwpxT"",""Allen Jackson Ministries"",""Allen Jackson"",""Courage"",""John 1:1"",""Acts 15:6-20""]","{""hqme"":""true"",""rating"":""TV-G"",""networks"":""TBN"",""revShare"":""false"",""share_url"":""https://share.tbn.org/GHTv/jx9ms3b4"",""TBNmediaId"":""HD-IAJ211503"",""programName"":""Allen Jackson Ministries"",""releaseDate"":""2021-04-07T14:23:00Z"",""seasonNumber"":""21"",""episodeNumber"":""84"",""collectionSortField"":""TBN_OriginalAirDate"",""collectionSortOrder"":""1"",""requiresSubscription"":""true""}","2021-09-20 18:55:43.000","2023-01-04 17:30:01.000"
"F5GluNDa","Centerpoint - January 17, 2024","ready","video",32.599998474121094,"2024-01-18 00:30:00.000","[""Movie"",""Morning on Merit Street""]","{""Host"":""Mike Huckabee"",""Genre"":""Religion;Talk Show"",""TBNmediaId"":""HD-MBS10006"",""EpisodeNumber"":""4"",""programe_name"":"""",""transactionId"":""32901945-5372-4466-abeb-6a94a412b79b""}","2024-02-23 09:32:31.000","2024-02-23 09:32:39.000"
"44czCPU0","Centerpoint - January 17, 2024","ready","video",32.599998474121094,"2024-01-18 00:30:00.000","[""Movie"",""Morning on Merit Street""]","{""Host"":""Mike Huckabee"",""Genre"":""Religion;Talk Show"",""TBNmediaId"":""HD-MBS10006"",""EpisodeNumber"":""4"",""programe_name"":"""",""transactionId"":""32901945-5372-4466-abeb-6a94a412b79b""}","2024-02-23 09:31:01.000","2024-02-23 09:31:12.000"
"3101Ou5C","Centerpoint - January 17, 2024","ready","video",32.599998474121094,"2024-01-18 00:30:00.000","[""Movie"",""Morning on Merit Street""]","{""Host"":""Mike Huckabee"",""Genre"":""Religion;Talk Show"",""TBNmediaId"":""HD-MBS10006"",""EpisodeNumber"":""4"",""programe_name"":"""",""transactionId"":""32901945-5372-4466-abeb-6a94a412b79b""}","2024-02-23 09:30:31.000","2024-02-23 09:30:42.000"
"BDhQkKds","The Beginning of Atonement","ready","video",1649.9849853515625,"2023-07-13 10:30:00.000","[""Salvation"",""Love of God"",""Forgiveness"",""Grace"",""Religion"",""Jesus"",""Law"",""Sin"",""Episode"",""seriesId_rHsI6BKn"",""Robert Morris"",""Pastor Robert Morris Ministries"",""Mercy"",""Blood of Jesus"",""Atonement"","" 21"",""Genesis 6:14"",""Leviticus 16:21-22"",""Psalm 103:12"",""Romans 3:25"",""James 1:20"",""Psalm 7:11"","" 3:7""]","{""hqme"":""true"",""rating"":""TV-G"",""language"":""English"",""networks"":""TBN"",""revShare"":""false"",""TBNmediaId"":""HD-PRMM232804"",""programName"":""Pastor Robert Morris Ministries"",""publishDate"":""July 07, 2023"",""releaseDate"":""January 01, 1900"",""releaseYear"":""1900"",""seasonNumber"":""23"",""episodeNumber"":""167"",""seasonEpisode"":""S23:E167"",""watchButtonLabel"":""Start Watching"",""collectionSortField"":""TBN_OriginalAirDate"",""collectionSortOrder"":""1"",""requiresSubscription"":""true""}","2022-12-05 20:45:01.000","2023-11-12 04:02:09.000"
"MoKGbVmS","IDF Forces Taking Control in Gaza: July 1, 2024 | Boots on the Ground","ready","video",934.5280151367188,"2024-07-01 21:10:00.000","[""Episode"",""seriesId_qnXBrCnp"",""TBN Israel""]","{""hqme"":""true"",""rating"":""TV-G"",""networks"":""TBN"",""revShare"":""false"",""TBNmediaId"":"""",""contentType"":""episode"",""programName"":""TBN Israel"",""seasonNumber"":"""",""episodeNumber"":"""",""seasonEpisode"":"""",""transactionId"":""c5291de9-cb75-49fe-ad7d-0593e7b02e63"",""preview_playback"":""https://cdn.jwplayer.com/manifests/MoKGbVmS.m3u8"",""watchButtonLabel"":""Watch Now"",""requiresSubscription"":""true""}","2024-07-02 21:20:44.107","2024-09-18 20:34:51.000"
"UFo9mkT0","Centerpoint - January 17, 2024","ready","video",32.599998474121094,"2024-01-18 00:30:00.000","[""Movie"",""Morning on Merit Street""]","{""Host"":""Mike Huckabee"",""Genre"":""Religion;Talk Show"",""TBNmediaId"":""HD-MBS10006"",""EpisodeNumber"":""4"",""programe_name"":"""",""transactionId"":""32901945-5372-4466-abeb-6a94a412b79b""}","2024-02-23 09:29:31.000","2024-02-23 09:29:41.000"
"sUabyc0w","The Word Became Flesh - December 29, 2021","ready","video",1650.030029296875,"2021-12-29 11:30:00.000","[""Faith"",""Prayer"",""Religion"",""Words we Speak"",""Word of God"",""Episode"",""seriesId_U55yRWVl"",""Andrew Wommack: Gospel Truth"",""Andrew Wommack"",""Boldness"",""1 Peter 1:23"",""Acts 3:6"",""Healing Power"",""Mark 11:14-20"",""Matthew 21:19""]","{""hqme"":""true"",""rating"":""TV-G"",""networks"":""TBN"",""revShare"":""false"",""share_url"":""https://share.tbn.org/GHTv/0hk11qnd"",""TBNmediaId"":""HD-AWGT211229"",""programName"":""Andrew Wommack: Gospel Truth"",""releaseDate"":""1900-01-01T00:00:00Z"",""seasonNumber"":""21"",""episodeNumber"":""234"",""collectionSortField"":""TBN_OriginalAirDate"",""collectionSortOrder"":""1"",""requiresSubscription"":""true""}","2022-01-03 20:20:23.000","2023-01-04 21:12:00.000"
"CrE3japO","Israel Keys, Prolific Serial Killer: Are There More Bodies? | Crime Stories With Nancy Grace","ready","video",2578.902099609375,"2024-07-26 22:00:00.000","[""Episode"",""Victim"",""Television"",""Media"",""Trials-Hard Times"",""Death"",""Injustice"",""Crime Stories with Nancy Grace"",""Crime"",""Accountability"",""Murder"",""seriesId_eAzd5bqW"",""Nancy Grace"",""Grief"",""Struggle""]","{""cast"":"""",""director"":"""",""networks"":""MSM"",""revShare"":"""",""share_url"":""https://app.meritplus.com/Ejbe/u3uhj6qf"",""TBNmediaId"":""MS-NGCS24-0726"",""contentType"":""Episode"",""programName"":""Crime Stories with Nancy Grace"",""seasonNumber"":""2"",""episodeNumber"":""81"",""seasonEpisode"":""S2 E81"",""transactionId"":""3a0cfa9d-4abd-4e42-874f-2f84fd18fb36"",""jwplayerSeriesId"":"""",""preview_playback"":""https://cdn.jwplayer.com/manifests/CrE3japO.m3u8""}","2024-07-26 21:20:46.645","2024-08-16 22:02:24.000"
"H8oMudfQ","September 16, 2024 | Morning On Merit Street","ready","video",5435.626953125,"2024-09-16 12:00:00.000","[""American History"",""Education"",""Episode"",""World History"",""War"",""News"",""Morning on Merit Street"",""Television"",""Truth"",""Israel"",""Media"",""Fear"",""Kids"",""Crime"",""seriesId_jryHEWXj"",""Celebrity"",""Sports"",""Dominique Sachse"",""Talk Show;News"",""Lifestyle"",""Athlete""]","{""cast"":"""",""director"":"""",""networks"":""MSM"",""revShare"":"""",""share_url"":""https://app.meritplus.com/Ejbe/6klmfrq2"",""TBNmediaId"":""MS-MNML24-0916"",""contentType"":""Episode"",""programName"":""Morning On Merit Street"",""transactionId"":""a88484df-3e33-4747-8ac4-f7ed84720b93"",""jwplayerSeriesId"":"""",""preview_playback"":""https://cdn.jwplayer.com/manifests/H8oMudfQ.m3u8""}","2024-09-17 18:24:44.943","2024-09-23 17:12:49.000"
"NbmHJEYd","Unleash the Beast 2020: Arlington | Highlight Show","ready","video",2892.202880859375,"2024-10-30 00:53:00.000","[""Unleash The Beast"",""UTB"",""PBR"",""Bull-Riding"",""Cowboy"",""Extreme Sports"",""Professional Bull Riding"",""Western Athletes"",""Western Lifestyle"",""Western Sports"",""2020"",""Premier Series"",""Highlight show"",""Let 'Er Buck"",""Pendleton Whisky"",""seriesId_VhSQDaHl"",""FIDO""]","{""cast"":"""",""director"":"""",""networks"":""PBR"",""revShare"":"""",""TBNmediaId"":""F7ADA37B"",""programName"":""2020-TSN- Leter Buck Pendleton Whiskey"",""seasonNumber"":""2020"",""transactionId"":""06baba2a-045b-40b7-9235-09619140bd48"",""preview_playback"":""https://cdn.jwplayer.com/manifests/NbmHJEYd.m3u8""}","2024-10-29 19:27:43.129","2024-11-18 22:02:19.000"
"crul5d19","The Day The Earth Stood Still","ready","video",5514.837890625,"2023-10-07 22:00:00.000","[""Science"",""Movie"",""Drama"",""inActive"",""Classic"",""seriesId_"",""Movies/Film"",""PositiveMovie"",""Hugh Marlowe"",""Michael Rennie"",""Patricia Neal"",""Sci-Fi"",""The Day The Earth Stood Still""]","{""cast"":""Michael Rennie, Patricia Neal, Hugh Marlowe"",""genre"":""Classic • Drama"",""rating"":""G"",""language"":""English"",""networks"":""Positiv"",""TBNmediaId"":""HD-PMC0491"",""programName"":""The Day The Earth Stood Still"",""publishDate"":""October 10, 2023"",""seasonEpisode"":""S"",""watchButtonLabel"":""Start Watching""}","2024-03-04 23:31:20.000","2024-03-05 00:24:25.000"
"eOvyEEMW","The News on Merit Street - April 3, 2024","ready","video",3600.010986328125,"2024-04-03 23:00:00.000","[""The News on Merit Street"",""seriesId_UgU5yi03""]","{""VCH.ID"":""293874c0-4b19-4c7e-b016-a67ebba29608"",""VCH.DRM"":""False"",""VCH.EventState"":""VOD_PUBLIC"",""VCH.ScheduledEnd"":""2024-04-04T00:00:00Z"",""VCH.ScheduledStart"":""2024-04-03T23:00:00Z""}","2024-04-04 00:04:59.000","2024-04-04 00:49:31.000"
"HfOKVr20","Stranger Story II","ready","video",5007.4248046875,"2023-10-04 05:00:00.000","[""Faith"",""Government"",""Politics"",""Movie"",""Drama"",""inActive"",""seriesId_"",""Movies/Film"",""Abortion"",""PositiveMovie"",""Jefferson Moore"",""Melissa Combs"",""Stranger Story II"",""Tom Luce""]","{""cast"":""Melissa Combs, Tom Luce, Jefferson Moore"",""genre"":""Drama"",""rating"":""NR"",""language"":""English"",""networks"":""Positiv"",""TBNmediaId"":""HD-PMC0521"",""programName"":""Stranger Story II"",""publishDate"":""October 10, 2023"",""seasonEpisode"":""S"",""watchButtonLabel"":""Start Watching""}","2024-03-02 01:58:28.000","2024-03-02 03:53:44.000"
"dEsjEFpD","God Sees You","ready","video",1650.030029296875,"2021-12-27 23:30:00.000","[""Hope"",""Purpose"",""Love of God"",""Religion"",""Episode"",""Talk Show"",""seriesId_XJ1xIys7"",""Presence of God"",""Names of God"",""Need"",""Jewish Voice with Jonathan Bernis"",""Jonathan Bernis"",""Ezra Benjamin"",""Genesis 16"",""Exodus 33:18"",""Proverbs 15:3"",""Deuteronomy 4:35""]","{""hqme"":""true"",""rating"":""TV-G"",""networks"":""TBN"",""revShare"":""false"",""prayerFor"":""Deliverance"",""share_url"":""https://share.tbn.org/GHTv/pu9lo6hd"",""TBNmediaId"":""HD-JBJV2152"",""programName"":""Jewish Voice with Jonathan Bernis"",""releaseDate"":""1900-01-01T00:00:00Z"",""seasonNumber"":""1"",""episodeNumber"":""588"",""collectionSortField"":""TBN_OriginalAirDate"",""collectionSortOrder"":""1"",""requiresSubscription"":""true""}","2022-01-03 22:48:43.000","2023-01-04 09:25:14.000"
"A1K5fsIW","Centerpoint - January 17, 2024","ready","video",32.599998474121094,"2024-01-18 00:30:00.000","[""Movie"",""Morning on Merit Street""]","{""Host"":""Mike Huckabee"",""Genre"":""Religion;Talk Show"",""TBNmediaId"":""HD-MBS10006"",""EpisodeNumber"":""4"",""programe_name"":"""",""transactionId"":""32901945-5372-4466-abeb-6a94a412b79b""}","2024-02-23 09:28:31.000","2024-02-23 09:28:40.000"
"tsPJRHzu","Chicago Treasure","ready","video",1380.02001953125,"2021-04-27 20:30:00.000","[""Israel"",""World History"",""Religion"",""History"",""Bible History"",""Promise Land"",""Archaeology"",""Biblical Artifacts"",""Episode"",""seriesId_25Pe6J71"",""Jim Scudder"","" Jr.: InGrace"","" Jr."",""John 3:16"",""Luke 15"",""Scott Stripling"",""2 Corinthians 4:7""]","{""hqme"":""true"",""rating"":""TV-G"",""networks"":""TBN"",""share_url"":""https://share.tbn.org/GHTv/jpalnmp8"",""TBNmediaId"":""HD-JSIG0117"",""programName"":""Jim Scudder,  Jr.: InGrace"",""releaseDate"":""2021-04-22T14:48:00Z"",""seasonNumber"":""3"",""episodeNumber"":""117"",""collectionSortField"":""TBN_OriginalAirDate"",""collectionSortOrder"":""1"",""requiresSubscription"":""true""}","2021-09-19 14:28:43.000","2023-01-04 18:24:19.000"
"5ibKsTUU","Test feed","ready","video",0,"2024-01-31 15:28:00.000","[""seriesId_yryv16ln""]","{""programName"":""Test feed"",""transactionId"":""28d1cf24-7d51-44bb-b77e-8321f8f0adc6""}","2024-02-05 19:42:52.000","2024-02-05 19:42:53.000"
"PZ3n3L2H","Centerpoint - January 17, 2024","ready","video",32.599998474121094,"2024-01-18 00:30:00.000","[""Movie"",""Morning on Merit Street""]","{""Host"":""Mike Huckabee"",""Genre"":""Religion;Talk Show"",""TBNmediaId"":""HD-MBS10006"",""EpisodeNumber"":""4"",""programe_name"":"""",""transactionId"":""32901945-5372-4466-abeb-6a94a412b79b""}","2024-02-23 09:27:31.000","2024-02-23 09:27:47.000"
"Mr1r1ccJ","Centerpoint - January 17, 2024","ready","video",32.599998474121094,"2024-01-18 00:30:00.000","[""Movie"",""Morning on Merit Street""]","{""Host"":""Mike Huckabee"",""Genre"":""Religion;Talk Show"",""TBNmediaId"":""HD-MBS10006"",""EpisodeNumber"":""4"",""programe_name"":"""",""transactionId"":""32901945-5372-4466-abeb-6a94a412b79b""}","2024-02-23 09:26:30.000","2024-02-23 09:27:58.000"
"R3JDPzrf","Centerpoint - January 17, 2024","ready","video",32.599998474121094,"2024-01-18 00:30:00.000","[""Movie"",""Morning on Merit Street""]","{""Host"":""Mike Huckabee"",""Genre"":""Religion;Talk Show"",""TBNmediaId"":""HD-MBS10006"",""EpisodeNumber"":""4"",""programe_name"":"""",""transactionId"":""32901945-5372-4466-abeb-6a94a412b79b""}","2024-02-23 09:26:00.000","2024-02-23 09:26:51.000"
"XWOz3ncx","Centerpoint - January 17, 2024","ready","video",32.599998474121094,"2024-01-18 00:30:00.000","[""Movie"",""Morning on Merit Street""]","{""Host"":""Mike Huckabee"",""Genre"":""Religion;Talk Show"",""TBNmediaId"":""HD-MBS10006"",""EpisodeNumber"":""4"",""programe_name"":"""",""transactionId"":""32901945-5372-4466-abeb-6a94a412b79b""}","2024-02-23 09:24:30.000","2024-02-23 09:25:30.000"
"TZxIXQA6","Centerpoint - January 17, 2024","ready","video",32.599998474121094,"2024-01-18 00:30:00.000","[""Movie"",""Morning on Merit Street""]","{""Host"":""Mike Huckabee"",""Genre"":""Religion;Talk Show"",""TBNmediaId"":""HD-MBS10006"",""EpisodeNumber"":""4"",""programe_name"":"""",""transactionId"":""32901945-5372-4466-abeb-6a94a412b79b""}","2024-02-23 09:24:00.000","2024-02-23 09:24:12.000"
"JfDSNYy6","Centerpoint - January 17, 2024","ready","video",32.599998474121094,"2024-01-18 00:30:00.000","[""Movie"",""Morning on Merit Street""]","{""Host"":""Mike Huckabee"",""Genre"":""Religion;Talk Show"",""TBNmediaId"":""HD-MBS10006"",""EpisodeNumber"":""4"",""programe_name"":"""",""transactionId"":""32901945-5372-4466-abeb-6a94a412b79b""}","2024-02-23 09:23:00.000","2024-02-23 09:23:28.000"
"YbRUrJDy","Persistent Praying Part 2","ready","video",1650.030029296875,"2021-12-28 17:00:00.000","[""Child of God"",""Prayer"",""Religion"",""Justice"",""Perseverance"",""Timing"",""Episode"",""seriesId_rsWX7hLQ"",""Dr. Robert Jeffress"",""Robert Jeffress"",""Second Coming"",""Hymns"",""Ephesians 2:19"",""Luke 18:4-8""]","{""hqme"":""true"",""music"":""Hymns"",""rating"":""TV-G"",""networks"":""TBN"",""revShare"":""false"",""share_url"":""https://share.tbn.org/GHTv/4lvfi0ap"",""TBNmediaId"":""HD-RJPP215203"",""programName"":""Dr. Robert Jeffress"",""releaseDate"":""1900-01-01T00:00:00Z"",""seasonNumber"":""21"",""artistandSong"":""First Baptist Dallas Choir & Orchestra,  The Lord's Prayer"",""episodeNumber"":""615"",""collectionSortField"":""TBN_OriginalAirDate"",""collectionSortOrder"":""1"",""requiresSubscription"":""true""}","2022-01-04 02:27:46.000","2023-01-04 15:50:43.000"
"Yk9YeTqp","Taffi Dollar - Make Room by Ending Blame (Part 2)","ready","video",1649.9849853515625,"2024-08-25 10:30:00.000","[""Relationship with God"",""Victory"",""Actions"",""Identity in Christ"",""Religion"",""Jesus"",""Overcoming"",""Choices"",""Episode"",""seriesId_69dTv6JD"",""Satan"",""Creflo Dollar"",""Responsibility"",""Lies"",""Blame"",""Deception""]","{""hqme"":""true"",""rating"":""TV-G"",""language"":""English"",""networks"":""TBN"",""revShare"":""false"",""TBNmediaId"":""HD-CDM082425"",""programName"":""Creflo Dollar"",""publishDate"":""August 08, 2024"",""releaseDate"":""January 01, 1900"",""releaseYear"":""1900"",""transactionId"":""bd86639d-9a37-4dcb-95f1-926e719efe3a"",""preview_playback"":""https://cdn.jwplayer.com/manifests/Yk9YeTqp.m3u8"",""watchButtonLabel"":""Start Watching"",""collectionSortField"":""TBN_OriginalAirDate"",""collectionSortOrder"":""1"",""requiresSubscription"":""true""}","2024-08-21 18:14:54.000","2024-09-05 13:35:09.000"
"5sAQGCDQ","Live In The Present","ready","video",1650.030029296875,"2021-07-25 11:30:00.000","[""Relationships"",""Marriage"",""Dedication/Devotion"",""Lifestyle"",""Religion"",""Joel Osteen"",""Joy"",""Episode"",""seriesId_71nSzE5N"",""Divorce"",""Sow"",""Genesis 37:1-50:26""]","{""hqme"":""true"",""rating"":""TV-G"",""networks"":""TBN, Hillsong Channel"",""revShare"":""false"",""share_url"":""https://share.tbn.org/GHTv/kvyp635c"",""TBNmediaId"":""HD-JOM2130"",""programName"":""Joel Osteen"",""releaseDate"":""2021-07-21T14:57:00Z"",""seasonNumber"":""21"",""episodeNumber"":""209"",""biblicalPeople"":""Joseph"",""collectionSortField"":""TBN_OriginalAirDate"",""collectionSortOrder"":""1"",""requiresSubscription"":""true""}","2021-09-20 19:12:19.000","2023-01-04 04:34:56.000"
"oV4Paq0n","Centerpoint - January 17, 2024","ready","video",32.599998474121094,"2024-01-18 00:30:00.000","[""Movie"",""Morning on Merit Street""]","{""Host"":""Mike Huckabee"",""Genre"":""Religion;Talk Show"",""TBNmediaId"":""HD-MBS10006"",""EpisodeNumber"":""4"",""programe_name"":"""",""transactionId"":""32901945-5372-4466-abeb-6a94a412b79b""}","2024-02-23 09:22:31.000","2024-02-23 09:23:12.000"
"83HkU30C","Centerpoint - January 17, 2024","ready","video",32.599998474121094,"2024-01-18 00:30:00.000","[""Movie"",""Morning on Merit Street""]","{""Host"":""Mike Huckabee"",""Genre"":""Religion;Talk Show"",""TBNmediaId"":""HD-MBS10006"",""EpisodeNumber"":""4"",""programe_name"":"""",""transactionId"":""32901945-5372-4466-abeb-6a94a412b79b""}","2024-02-23 09:21:00.000","2024-02-23 09:21:14.000"
"Gyq4niyz","Centerpoint - January 17, 2024","ready","video",32.599998474121094,"2024-01-18 00:30:00.000","[""Movie"",""Morning on Merit Street""]","{""Host"":""Mike Huckabee"",""Genre"":""Religion;Talk Show"",""TBNmediaId"":""HD-MBS10006"",""EpisodeNumber"":""4"",""programe_name"":"""",""transactionId"":""32901945-5372-4466-abeb-6a94a412b79b""}","2024-02-23 09:20:30.000","2024-02-23 09:20:48.000"
"fBZPGzGA","HD-HLFD203602","ready","video",1650.030029296875,"2020-08-31 19:30:00.000","[""Faith"",""Bible"",""Religion"",""Thinking"",""Belief"",""Leon Fontaine"",""Series"",""seriesId_"",""Authority"",""Hebrews 1:14"",""Luke 5:17"",""Mark 5:24""]","{""rating"":""TV-G"",""networks"":""TBN, Hillsong Channel"",""share_url"":""https://share.tbn.org/GHTv/l2n35qy3"",""TBNmediaId"":""HD-HLFD203602"",""programName"":""Leon Fontaine"",""publishDate"":""August 08, 2020"",""seasonNumber"":""1"",""episodeNumber"":""203602"",""seasonEpisode"":""S1:E203602"",""watchButtonLabel"":""Start Watching"",""collectionSortField"":""TBN_OriginalAirDate"",""collectionSortOrder"":""1""}","2022-11-23 04:06:54.000","2023-01-04 05:10:09.000"
"BgrILlvo","Kerry Shook - Buried Treasure","ready","video",1649.9849853515625,"2024-06-30 13:30:00.000","[""Relationships"",""Love"",""Relationship with God"",""Forgiveness"",""Religion"",""Spiritual Growth"",""Betrayal"",""Episode"",""seriesId_6KOKLttr"",""Kerry Shook Ministries with Kerry Shook"",""Kerry Shook"",""Resentment"",""Acts 27:14-26""]","{""rating"":""TV-G"",""language"":""English"",""networks"":""TBN"",""TBNmediaId"":""HD-KS2427"",""programName"":""Kerry Shook Ministries with Kerry Shook"",""publishDate"":""June 06, 2024"",""transactionId"":""efda862f-e042-4f86-abc2-124102f1b381"",""biblicalPeople"":""Paul"",""preview_playback"":""https://cdn.jwplayer.com/manifests/BgrILlvo.m3u8"",""watchButtonLabel"":""Start Watching""}","2024-07-18 21:42:00.000","2024-07-19 20:50:00.000"
"yK8TfACX","Centerpoint - January 17, 2024","ready","video",32.599998474121094,"2024-01-18 00:30:00.000","[""Movie"",""Morning on Merit Street""]","{""Host"":""Mike Huckabee"",""Genre"":""Religion;Talk Show"",""TBNmediaId"":""HD-MBS10006"",""EpisodeNumber"":""4"",""programe_name"":"""",""transactionId"":""32901945-5372-4466-abeb-6a94a412b79b""}","2024-02-23 09:20:00.000","2024-02-23 09:20:15.000"
"n01Q9deU","Centerpoint - January 17, 2024","processing","video",32.599998474121094,"2024-01-18 00:30:00.000","[""Movie"",""Morning on Merit Street""]","{""Host"":""Mike Huckabee"",""Genre"":""Religion;Talk Show"",""TBNmediaId"":""HD-MBS10006"",""EpisodeNumber"":""4"",""programe_name"":"""",""transactionId"":""32901945-5372-4466-abeb-6a94a412b79b""}","2024-02-22 17:25:46.000","2024-02-22 17:25:57.000"
"uRnu00xw","Centerpoint - January 17, 2024","processing","video",32.599998474121094,"2024-01-18 00:30:00.000","[""Movie"",""Morning on Merit Street""]","{""Host"":""Mike Huckabee"",""Genre"":""Religion;Talk Show"",""TBNmediaId"":""HD-MBS10006"",""EpisodeNumber"":""4"",""programe_name"":"""",""transactionId"":""32901945-5372-4466-abeb-6a94a412b79b""}","2024-02-23 09:19:30.000","2024-02-23 09:20:00.000"
"nRDeBG97","Centerpoint - January 17, 2024","processing","video",32.599998474121094,"2024-01-18 00:30:00.000","[""Movie"",""Morning on Merit Street""]","{""Host"":""Mike Huckabee"",""Genre"":""Religion;Talk Show"",""TBNmediaId"":""HD-MBS10006"",""EpisodeNumber"":""4"",""programe_name"":"""",""transactionId"":""32901945-5372-4466-abeb-6a94a412b79b""}","2024-02-23 09:15:30.000","2024-02-23 09:16:03.000"
"sHPoO4oq","Why Am I Anxious","ready","video",1650.030029296875,"2022-01-25 10:30:00.000","[""steven furtick"",""Peace"",""Actions"",""Religion"",""Choices"",""Renewing the Mind"",""Discouragement"",""Integrity"",""Episode"",""seriesId_mT4Z2qko"",""Anxiety"",""Double-minded"",""Imagination"",""Psalm 139:23""]","{""hqme"":""true"",""rating"":""TV-G"",""networks"":""TBN"",""revShare"":""false"",""prayerFor"":""Peace"",""share_url"":""https://share.tbn.org/GHTv/e0tsfra3"",""TBNmediaId"":""HD-SF220402"",""programName"":""Steven Furtick"",""releaseDate"":""1900-01-01T00:00:00Z"",""seasonNumber"":""22"",""episodeNumber"":""38"",""biblicalPeople"":""David"",""collectionSortField"":""TBN_OriginalAirDate"",""collectionSortOrder"":""1"",""requiresSubscription"":""true""}","2022-01-26 07:57:42.000","2023-01-04 05:55:07.000"
"ZB0vwkk3","Centerpoint - January 17, 2024","ready","video",32.599998474121094,"2024-01-18 00:30:00.000","[""Movie"",""Morning on Merit Street""]","{""Host"":""Mike Huckabee"",""Genre"":""Religion;Talk Show"",""TBNmediaId"":""HD-MBS10006"",""EpisodeNumber"":""4"",""programe_name"":"""",""transactionId"":""32901945-5372-4466-abeb-6a94a412b79b""}","2024-02-23 01:17:05.000","2024-02-23 01:17:18.000"
"JnKe5r70","Centerpoint - January 17, 2024","ready","video",32.599998474121094,"2024-01-18 00:30:00.000","[""Movie"",""Morning on Merit Street""]","{""Host"":""Mike Huckabee"",""Genre"":""Religion;Talk Show"",""TBNmediaId"":""HD-MBS10006"",""EpisodeNumber"":""4"",""programe_name"":"""",""transactionId"":""32901945-5372-4466-abeb-6a94a412b79b""}","2024-02-23 09:16:00.000","2024-02-23 09:16:46.000"
"4tE5i2v8","Robots","ready","video",8.800000190734863,"2024-02-05 18:11:00.000","[""robots""]","{""programName"":"""",""transactionId"":""0c54edff-cda2-463c-bd1a-c408bdc01d5a""}","2024-02-06 08:58:21.000","2024-02-06 08:58:58.000"
"v1vDsetW","Centerpoint - January 17, 2024","ready","video",32.599998474121094,"2024-01-18 00:30:00.000","[""Movie"",""Morning on Merit Street""]","{""Host"":""Mike Huckabee"",""Genre"":""Religion;Talk Show"",""TBNmediaId"":""HD-MBS10006"",""EpisodeNumber"":""4"",""programe_name"":"""",""transactionId"":""32901945-5372-4466-abeb-6a94a412b79b""}","2024-02-22 21:29:23.000","2024-02-22 21:29:31.000"
"e293ngbz","Wise Up: Wisdom is Humility","ready","video",1650.030029296875,"2020-09-16 05:30:00.000","[""Theology"",""Wisdom"",""Bible"",""Religion"",""History"",""Word of God"",""Humble"",""Series"",""seriesId_"",""Need"",""Faith Family Church"",""Mike Cameneti"",""Proverbs 16:18""]","{""rating"":""TV-PG"",""networks"":""Hillsong Channel"",""share_url"":""https://share.tbn.org/GHTv/g3d2ifhx"",""TBNmediaId"":""HD-HFFC2038"",""programName"":""Faith Family Church"",""publishDate"":""September 09, 2020"",""episodeNumber"":""2038"",""seasonEpisode"":""S2038"",""watchButtonLabel"":""Start Watching"",""collectionSortField"":""TBN_OriginalAirDate"",""collectionSortOrder"":""1""}","2022-11-23 04:12:25.000","2023-01-04 18:02:46.000"
"WMEalzuI","Centerpoint - January 17, 2024","ready","video",32.599998474121094,"2024-01-18 00:30:00.000","[""Movie"",""Morning on Merit Street""]","{""Host"":""Mike Huckabee"",""Genre"":""Religion;Talk Show"",""TBNmediaId"":""HD-MBS10006"",""EpisodeNumber"":""4"",""programe_name"":"""",""transactionId"":""32901945-5372-4466-abeb-6a94a412b79b""}","2024-02-23 09:11:00.000","2024-02-23 09:11:11.000"
"zlDljo8C","Test feed","ready","video",0,"2024-01-31 15:28:00.000","[""seriesId_yryv16ln""]","{""programName"":""Test feed"",""transactionId"":""47b64f00-2f57-4935-9a52-8d5164f2abba""}","2024-02-06 05:22:06.000","2024-02-06 05:22:06.000"
"EwpIxVr1","Dr. Phil - Get Out Of My Family Tree","ready","video",2515.840087890625,"2024-02-27 06:00:00.000","[""Episode"",""Children"",""Dr. Phil"",""Marriage"",""Dr Phil Library - Fl"",""Family"",""Relationships"",""Communication"",""Manipulation"",""Mother""]","{""box"":"""",""cast"":"""",""director"":"""",""revShare"":"""",""share_url"":""https://share2.meritplus.com/U6co/kledwoxj"",""TBNmediaId"":""MS-DPFJAIL_919"",""contentType"":""Episode"",""programName"":""Dr Phil Library - Fl"",""multiSelect2"":""yes"",""seasonNumber"":"""",""episodeNumber"":"""",""seasonEpisode"":""S E"",""transactionId"":""461a2d7e-e47e-4fc4-8f8e-e9f92ff19e06""}","2024-04-12 13:34:37.000","2024-04-12 14:20:59.000"
"UjXpPmIr","Centerpoint - January 17, 2024","ready","video",32.599998474121094,"2024-01-18 00:30:00.000","[""Movie"",""Morning on Merit Street""]","{""Host"":""Mike Huckabee"",""Genre"":""Religion;Talk Show"",""TBNmediaId"":""HD-MBS10006"",""EpisodeNumber"":""4"",""programe_name"":"""",""transactionId"":""32901945-5372-4466-abeb-6a94a412b79b""}","2024-02-23 09:10:30.000","2024-02-23 09:10:38.000"
"ALmDf3Z3","Crime Stories with Nancy Grace - Students Butchered While Kohberger ""Watching Moon & Stars""","ready","video",2578.902099609375,"2024-04-18 22:00:00.000","[""Episode"",""Crime Stories with Nancy Grace"",""seriesId_DaxyOwLx"",""Crime"",""Accountability"",""Justice"",""Injustice"",""Nancy Grace"",""Murder"",""Youth""]","{""cast"":"""",""rating"":""TV-G"",""director"":"""",""revShare"":"""",""share_url"":""https://app-dev.meritplus.com/RsRW/j8e9n71o"",""TBNmediaId"":""MS-NGCS24-0418"",""contentType"":""Episode"",""programName"":""Crime Stories with Nancy Grace"",""seasonNumber"":""2"",""episodeNumber"":""13"",""seasonEpisode"":""S2 E13"",""transactionId"":""de6b2bac-2b04-4c96-96e3-c2f1ba79fb47"",""jwplayerSeriesId"":"""",""original_mediaid"":""iUf30983"",""watchButtonLabel"":""Watch Now""}","2024-04-24 20:01:41.000","2024-08-05 17:02:14.000"
"b3k7dbJz","Centerpoint - January 17, 2024","ready","video",32.599998474121094,"2024-01-18 00:30:00.000","[""Movie"",""Morning on Merit Street""]","{""Host"":""Mike Huckabee"",""Genre"":""Religion;Talk Show"",""TBNmediaId"":""HD-MBS10006"",""EpisodeNumber"":""4"",""programe_name"":"""",""transactionId"":""32901945-5372-4466-abeb-6a94a412b79b""}","2024-02-23 09:12:30.000","2024-02-23 09:12:52.000"
"QhtLPXd9","Why the Words ""I'm Sorry"" Are Highly Overrated Part 2","ready","video",1650.030029296875,"2021-07-13 16:00:00.000","[""Relationships"",""Prayer"",""Forgiveness"",""Religion"",""Music"",""Hurting"",""Episode"",""seriesId_rsWX7hLQ"",""Dr. Robert Jeffress"",""Robert Jeffress"",""Praise & Worship"",""1 John 1:8-9"",""Psalm 32:1-5""]","{""hqme"":""true"",""music"":""Praise & Worship"",""rating"":""TV-G"",""networks"":""TBN"",""revShare"":""false"",""share_url"":""https://share.tbn.org/GHTv/1kov32ve"",""TBNmediaId"":""HD-RJPP212803"",""programName"":""Dr. Robert Jeffress"",""releaseDate"":""2021-06-30T20:19:00Z"",""seasonNumber"":""21"",""artistandSong"":""First Baptist Dallas Choir and Orchestra,  Unto The Lamb"",""episodeNumber"":""323"",""collectionSortField"":""TBN_OriginalAirDate"",""collectionSortOrder"":""1"",""requiresSubscription"":""true""}","2021-09-18 17:22:41.000","2023-01-04 12:53:10.000"
"q8gPOSxC","VT 2023 Grand Forks","ready","video",5248.06494140625,"2024-09-18 00:24:00.000","[""inActive"",""PBR"",""Sports"",""Bull-Riding"",""Competition"",""Cowboy"",""Extreme-Sports"",""Professional-Bull-Riding"",""Western-Athletes"",""Western-Lifestyle"",""Western-Sports"",""VT"",""2023"",""Grand Forks""]","{""cast"":"""",""director"":"""",""networks"":""PBR"",""revShare"":"""",""TBNmediaId"":""670359E8"",""contentType"":"""",""programName"":"""",""seasonNumber"":""2023"",""episodeNumber"":""37"",""seasonEpisode"":""S2023 E37"",""transactionId"":""03739d49-ef58-4079-9199-bb73cfb8cd53""}","2024-09-17 18:41:23.471","2024-09-17 20:47:01.000"
"zSVrCOR7","Centerpoint - January 17, 2024","processing","video",32.599998474121094,"2024-01-18 00:30:00.000","[""Movie"",""Morning on Merit Street""]","{""Host"":""Mike Huckabee"",""Genre"":""Religion;Talk Show"",""TBNmediaId"":""HD-MBS10006"",""EpisodeNumber"":""4"",""programe_name"":"""",""transactionId"":""32901945-5372-4466-abeb-6a94a412b79b""}","2024-02-23 09:10:00.000","2024-02-23 09:10:07.000"
"Criqd1Xz","Dr. Phil Primetime - Exclusive: Cannabis Induced Psychosis: Bryn Spejcher Speaks Out","ready","video",2519.80908203125,"2024-04-23 00:00:00.000","[""Episode"",""Dr. Phil Primetime"",""seriesId_ymL1Ttch"",""Crime"",""Drugs"",""Personal Story"",""Law"",""Truth"",""Murder"",""Counsel"",""Phil McGraw"",""Talk Show"",""Grief""]","{""cast"":"""",""rating"":""TV-G"",""director"":"""",""revShare"":"""",""share_url"":""https://app-dev.meritplus.com/RsRW/p15ha3l5"",""TBNmediaId"":""MS-DPPT22401"",""contentType"":""Episode"",""programName"":""Dr. Phil Primetime"",""seasonNumber"":""1"",""episodeNumber"":""15"",""seasonEpisode"":""S1 E15"",""transactionId"":""114a39fa-272a-4148-8f43-2678d0314522"",""original_mediaid"":""7C6NHyrU"",""watchButtonLabel"":""Watch Now""}","2024-04-24 20:03:33.000","2024-08-05 16:59:50.000"
"Ox6ibe9o","Lisa Harper | Praise","ready","video",3368.00390625,"2021-09-25 00:04:00.000","[""Laurie Crouch"",""Praise"",""Religion"",""Matt Crouch"",""Episode"",""Talk Show"",""seriesId_sMW1pnGB"",""Series"",""Lisa Harper""]","{""hqme"":""true"",""rating"":""TV-G"",""status"":""ready"",""language"":""English"",""networks"":""TBN"",""revShare"":""false"",""share_url"":""https://share.tbn.org/GHTv/ye4j0eeo"",""TBNmediaId"":""HD-P061319"",""programName"":""Praise - Ghost Collection"",""releaseDate"":""September 25, 2021"",""releaseYear"":""2021"",""transactionId"":""254287d3-4bf7-42a9-8388-807e6ba5d520"",""shortDescription"":""Matt and Laurie Crouch host Lisa Harper in Los Angeles, CA."",""watchButtonLabel"":""Start Watching"",""collectionSortField"":""TBN_OriginalAirDate"",""collectionSortOrder"":""1"",""requiresSubscription"":""true"",""backstage_transaction_id"":""2b3a189e-4fa9-459f-bf35-2c786df12470""}","2021-09-25 10:23:34.000","2024-10-23 20:01:43.000"
"3S9KGDtr","American Idol","ready","video",1499.989990234375,"2024-02-16 06:00:00.000","[""American History"",""Centuries Collide"",""Education"",""Government"",""World History"",""inActive"",""Movie"",""Freedom"",""Jewish History""]","{""cast"":"""",""director"":"""",""revShare"":"""",""share_url"":""https://share2.meritplus.com/U6co/jo1fohsl"",""TBNmediaId"":""MS-CCCC0214-DPM"",""contentType"":""Movie"",""programName"":""Centuries Collide"",""seasonNumber"":""2"",""episodeNumber"":""14"",""transactionId"":""4d63209f-df98-4fad-80f7-97938f846fa2"",""jwplayerSeriesId"":""""}","2024-02-28 14:59:05.000","2024-04-03 17:30:34.000"
"o12cJ1tk","Centerpoint - January 17, 2024","ready","video",32.599998474121094,"2024-01-18 00:30:00.000","[""Movie"",""Morning on Merit Street""]","{""Host"":""Mike Huckabee"",""Genre"":""Religion;Talk Show"",""TBNmediaId"":""HD-MBS10006"",""EpisodeNumber"":""4"",""programe_name"":"""",""transactionId"":""32901945-5372-4466-abeb-6a94a412b79b""}","2024-02-23 09:08:00.000","2024-02-23 09:08:08.000"
"sxwdKVO0","April 4, 2023","ready","video",3206.830078125,"2023-04-04 19:00:00.000","[""Personal Story"",""Testimony"",""Prayer"",""Bible"",""Persecution"",""War"",""Religion"",""Evangelism"",""Law"",""Government"",""Politics"",""News"",""Military"",""Health"",""Disaster Relief"",""Episode"",""seriesId_aggcJ7Kh"",""The 700 Club with Pat Robertson"",""Crime"",""Sports"",""Gordon Robertson"",""Romans 11:29"",""Sam Acho""]","{""hqme"":""true"",""rating"":""TV-G"",""language"":""English"",""networks"":""TBN"",""revShare"":""false"",""TBNmediaId"":""HD-7C230404"",""programName"":""The 700 Club with Pat Robertson"",""publishDate"":""April 04, 2023"",""releaseDate"":""January 01, 1900"",""releaseYear"":""1900"",""seasonNumber"":""23"",""episodeNumber"":""69"",""seasonEpisode"":""S23:E69"",""watchButtonLabel"":""Start Watching"",""collectionSortField"":""TBN_OriginalAirDate"",""collectionSortOrder"":""1"",""requiresSubscription"":""true""}","2023-04-04 18:34:43.000","2023-04-04 19:15:19.000"
"TxfwbhjM","Centerpoint - January 17, 2024","ready","video",32.599998474121094,"2024-01-18 00:30:00.000","[""Movie"",""Morning on Merit Street""]","{""Host"":""Mike Huckabee"",""Genre"":""Religion;Talk Show"",""TBNmediaId"":""HD-MBS10006"",""EpisodeNumber"":""4"",""programe_name"":"""",""transactionId"":""32901945-5372-4466-abeb-6a94a412b79b""}","2024-02-23 09:07:00.000","2024-02-23 09:07:09.000"
"hUQ4J3Rc","Joel Rosenberg: March 7, 2024 | The Rosenberg Report","ready","video",1679.9150390625,"2024-03-08 02:00:00.000","[""Israel"",""Prayer"",""Leadership"",""Freedom"",""Slavery"",""War"",""Religion"",""Terrorism"",""Nations"",""News"",""Abuse"",""Episode"",""Leaders"",""Violence"",""Bondage"",""Joel Rosenberg"",""seriesId_vW7EBxmS"",""The Rosenberg Report""]","{""hqme"":""true"",""rating"":""TV-G"",""language"":""English"",""networks"":""TBN"",""revShare"":""true"",""TBNmediaId"":""HD-JRRR24-0307"",""contentType"":""episode"",""programName"":""The Rosenberg Report"",""publishDate"":""March 03, 2024"",""releaseDate"":""January 01, 1900"",""releaseYear"":""1900"",""seasonNumber"":"""",""episodeNumber"":"""",""seasonEpisode"":"""",""transactionId"":""c72cf270-a98f-4102-9cd9-856ee292c186"",""preview_playback"":""https://cdn.jwplayer.com/manifests/hUQ4J3Rc.m3u8"",""watchButtonLabel"":""Start Watching"",""collectionSortField"":""TBN_OriginalAirDate"",""collectionSortOrder"":""1"",""requiresSubscription"":""true""}","2024-03-07 18:43:14.000","2024-09-17 20:56:43.000"
"kLocwSEw","Unleash The Beast 2021: Billings | Highlight Show","ready","video",2842.091064453125,"2024-09-09 15:46:00.000","[""Unleash The Beast"",""UTB"",""PBR"",""Sports"",""Bull-Riding"",""Competition"",""Cowboy"",""Extreme-Sports"",""Professional-Bull-Riding"",""Western-Athletes"",""Western-Lifestyle"",""Western-Sports"",""Highlight"",""PBR Unleash the Beast"",""2021"",""2021 Unleash the Beast"",""FIDO""]","{""cast"":"""",""director"":"""",""networks"":""PBR"",""revShare"":"""",""TBNmediaId"":""D18F524A"",""contentType"":"""",""programName"":""2021-TSN"",""seasonNumber"":""2021"",""transactionId"":""9fd57e9a-e861-4f5a-940d-b843c2fcef66"",""original_mediaid"":""PBR Premier Series 2021 Billings, MT Highlight Show"",""preview_playback"":""https://cdn.jwplayer.com/manifests/kLocwSEw.m3u8""}","2024-09-09 10:39:18.819","2024-11-11 19:57:27.000"
"phNGGM1W","President Biden announces student relief plan ","ready","video",211.11500549316406,"2024-05-02 00:33:00.000","[""featured news"",""seriesId_dr2wuGUT""]","{""share_url"":""https://app.meritplus.com/Ejbe/600f0zik"",""contentType"":""featuredNews"",""programName"":"""",""transactionId"":""ea8e522d-fb36-4ff2-a40e-dad5a6247344"",""shortDescription"":""The Biden administration plans to wipe out 6.1 billion dollars in student debt with a new forgiveness plan. ""}","2024-05-02 00:34:42.952","2024-08-09 12:36:15.000"
"VXW3h3Sd","*PBR Teams 2024: Duluth | Day 3","ready","video",0,"2024-06-28 19:00:00.000","[""inActive"",""PBR"",""Teams 2024"",""Duluth""]","{""contentType"":""liveEvent"",""VCH.EventState"":""PRE_LIVE"",""VCH.ScheduledEnd"":""2024-07-28T22:00:00Z"",""VCH.ScheduledStart"":""2024-07-28T19:00:00Z""}","2024-07-28 17:01:04.000","2024-07-28 17:23:20.000"
"khePDltn","The Importance of Renewing The Mind","ready","video",1650.030029296875,"2021-07-07 13:00:00.000","[""Lifestyle"",""Religion"",""Renewing the Mind"",""Change"",""Thinking"",""Word of God"",""Episode"",""seriesId_69dTv6JD"",""Creflo Dollar"",""Transformation"",""Romans 12:1-3"",""1 John 2:1-2""]","{""hqme"":""true"",""rating"":""TV-G"",""networks"":""TBN, Hillsong Channel"",""revShare"":""false"",""share_url"":""https://share.tbn.org/GHTv/ves9ym2y"",""TBNmediaId"":""HD-CDM072107"",""programName"":""Creflo Dollar"",""releaseDate"":""2021-06-29T15:40:00Z"",""seasonNumber"":""21"",""episodeNumber"":""160"",""collectionSortField"":""TBN_OriginalAirDate"",""collectionSortOrder"":""1"",""requiresSubscription"":""true""}","2021-09-20 19:21:38.000","2023-01-04 06:07:16.000"
"7WyGbzoc","Joel & Victoria Osteen: Keeping Your Soul Healthy and Thriving | Praise","ready","video",3299.989990234375,"2024-01-02 19:00:00.000","[""Laurie Crouch"",""Faith"",""Peace"",""Praise"",""Religion"",""Joel Osteen"",""Victoria Osteen"",""Matt Crouch"",""Episode"",""Talk Show"",""seriesId_sMW1pnGB"",""Spiritual Health"",""Physical Health"",""Soul"",""Illness""]","{""hqme"":""false"",""rating"":""TV-G"",""language"":""English"",""networks"":""TBN"",""revShare"":""false"",""TBNmediaId"":""HD-PFR240101R"",""programName"":""Praise"",""publishDate"":""January 01, 2024"",""transactionId"":""25fd9011-4421-4cad-a3c2-5eac512ee86a"",""watchButtonLabel"":""Start Watching"",""requiresSubscription"":""false"",""imgFeaturedTvBanner16x4"":""https://assets.mediabackstage.com/tbn/thumbnails/15waysjoelosteen_vodfeatured_tv_webbanner_1732x433-1703780014071.jpg"",""imgFlixMobileFeature6x9"":""https://assets.mediabackstage.com/tbn/thumbnails/15waysjoelosteen_vodfeatured_mobilebanner_1200x1800-1703780027427.jpg"",""imgFeaturedWebBanner16x9"":""https://assets.mediabackstage.com/tbn/thumbnails/15waysjoelosteen_vodfeatured_thumbnail_1920x1080-1703779999693.jpg""}","2023-12-27 20:16:26.000","2024-05-23 20:20:03.000"
"Sr9mCxOr","Centerpoint - January 17, 2024","ready","video",32.599998474121094,"2024-01-18 00:30:00.000","[""Movie"",""Morning on Merit Street""]","{""Host"":""Mike Huckabee"",""Genre"":""Religion;Talk Show"",""TBNmediaId"":""HD-MBS10006"",""EpisodeNumber"":""4"",""programe_name"":"""",""transactionId"":""32901945-5372-4466-abeb-6a94a412b79b""}","2024-02-23 09:06:29.000","2024-02-23 09:06:39.000"
"ZNsoVbct","Centerpoint - January 17, 2024","ready","video",32.599998474121094,"2024-01-18 00:30:00.000","[""Movie"",""Morning on Merit Street""]","{""Host"":""Mike Huckabee"",""Genre"":""Religion;Talk Show"",""TBNmediaId"":""HD-MBS10006"",""EpisodeNumber"":""4"",""programe_name"":"""",""transactionId"":""32901945-5372-4466-abeb-6a94a412b79b""}","2024-02-23 09:04:59.000","2024-02-23 09:05:22.000"
"TLCoOnBs","Steven Furtick - Winded (Part 2)","ready","video",1649.9849853515625,"2024-07-19 03:30:00.000","[""steven furtick"",""Faith"",""Trust God"",""Struggle"",""Fear"",""Religion"",""Jesus"",""Perseverance"",""Miracles"",""Episode"",""inActive"",""seriesId_mT4Z2qko"",""Insecurity"",""Deliverance"",""Doubt"",""Hand of God""]","{""hqme"":""true"",""rating"":""TV-G"",""language"":""English"",""networks"":""TBN"",""revShare"":""false"",""TBNmediaId"":""HD-SF242905"",""programName"":""Steven Furtick"",""publishDate"":""July 07, 2024"",""releaseDate"":""January 01, 1900"",""releaseYear"":""1900"",""seasonNumber"":""24"",""episodeNumber"":""202"",""seasonEpisode"":""S24:E202"",""watchButtonLabel"":""Start Watching"",""collectionSortField"":""TBN_OriginalAirDate"",""collectionSortOrder"":""1"",""requiresSubscription"":""true""}","2024-07-18 19:31:10.000","2024-07-18 19:55:09.000"
"OgO77gMi","Esther","ready","video",1650.094970703125,"2019-09-30 08:00:00.000","[""Purpose"",""Serving"",""Religion"",""Bible History"",""Choices"",""Episode"",""seriesId_SAPPoJUa"",""Calling"",""In the Gap: Pastor Choco De Jesus"",""Choco De Jesus"",""Courage"",""Responsibility"","" Series"",""Abortion""]","{""hqme"":""true"",""rating"":""TV-G"",""status"":""ready"",""tenant"":""preprod"",""language"":""English"",""networks"":""TBN"",""revShare"":""false"",""TBNmediaId"":""HD-CDJITG0004"",""programName"":""In the Gap: Pastor Choco De Jesus"",""releaseDate"":""September 30, 2019"",""releaseYear"":""2019"",""seasonNumber"":""1"",""episodeNumber"":""4"",""seasonEpisode"":""S1:E4"",""transactionId"":""d0acaa36-9a31-4f33-b097-6401971dbbbe"",""biblicalPeople"":""Esther"",""shortDescription"":""Join Pastor Choco De Jesús as he discusses society’s ‘Gap’, a place of pain, hurt, and weakness and what happens when Christians use the strength of God’s calling."",""watchButtonLabel"":""Start Watching"",""collectionSortField"":""TBN_OriginalAirDate"",""collectionSortOrder"":""0"",""requiresSubscription"":""true""}","2021-09-20 19:22:02.000","2024-05-01 15:47:06.000"
"itVomfC7","Centerpoint - January 17, 2024","ready","video",32.599998474121094,"2024-01-18 00:30:00.000","[""Movie"",""Morning on Merit Street""]","{""Host"":""Mike Huckabee"",""Genre"":""Religion;Talk Show"",""TBNmediaId"":""HD-MBS10006"",""EpisodeNumber"":""4"",""programe_name"":"""",""transactionId"":""32901945-5372-4466-abeb-6a94a412b79b""}","2024-02-23 09:03:59.000","2024-02-23 09:04:05.000"
"ZZKvGHyr","Centerpoint - January 17, 2024","ready","video",32.599998474121094,"2024-01-18 00:30:00.000","[""Movie"",""Morning on Merit Street""]","{""Host"":""Mike Huckabee"",""Genre"":""Religion;Talk Show"",""TBNmediaId"":""HD-MBS10006"",""EpisodeNumber"":""4"",""programe_name"":"""",""transactionId"":""32901945-5372-4466-abeb-6a94a412b79b""}","2024-02-23 09:02:59.000","2024-02-23 09:03:07.000"
"uk0F0usL","Centerpoint - January 17, 2024","ready","video",32.599998474121094,"2024-01-18 00:30:00.000","[""Movie"",""Morning on Merit Street""]","{""Host"":""Mike Huckabee"",""Genre"":""Religion;Talk Show"",""TBNmediaId"":""HD-MBS10006"",""EpisodeNumber"":""4"",""programe_name"":"""",""transactionId"":""32901945-5372-4466-abeb-6a94a412b79b""}","2024-02-23 09:02:29.000","2024-02-23 09:02:48.000"
"fhEZ8rXk","Centerpoint - January 17, 2024","ready","video",32.599998474121094,"2024-01-18 00:30:00.000","[""Movie"",""Morning on Merit Street""]","{""Host"":""Mike Huckabee"",""Genre"":""Religion;Talk Show"",""TBNmediaId"":""HD-MBS10006"",""EpisodeNumber"":""4"",""programe_name"":"""",""transactionId"":""32901945-5372-4466-abeb-6a94a412b79b""}","2024-02-23 09:01:29.000","2024-02-23 09:01:45.000"
"CyZewwuQ","Centerpoint - January 17, 2024","ready","video",32.599998474121094,"2024-01-18 00:30:00.000","[""Movie"",""Morning on Merit Street""]","{""Host"":""Mike Huckabee"",""Genre"":""Religion;Talk Show"",""TBNmediaId"":""HD-MBS10006"",""EpisodeNumber"":""4"",""programe_name"":"""",""transactionId"":""32901945-5372-4466-abeb-6a94a412b79b""}","2024-02-23 09:00:59.000","2024-02-23 09:01:31.000"
"CcmLfOdx","In the World of the End, BE DETERMINED","ready","video",3449.919921875,"2022-11-14 02:00:00.000","[""Trust God"",""Victory"",""Faithfulness"",""Religion"",""Trials-Hard Times"",""Perseverance"",""Endurance"",""Episode"",""seriesId_XAnhPsMR"",""End Times"",""Turning Point with Dr. David Jeremiah"",""David Jeremiah"",""Praise & Worship"",""Determination"",""Ephesians 6:10-13"",""James 1:12"",""Luke 9:62"",""Matthew 24:13"",""2 Timothy 2:3-10""]","{""hqme"":""true"",""music"":""Praise & Worship"",""rating"":""TV-G"",""networks"":""TBN"",""revShare"":""false"",""TBNmediaId"":""HD-DDJTP1183"",""programName"":""Turning Point with Dr. David Jeremiah"",""publishDate"":""November 11, 2022"",""releaseDate"":""January 01, 1900"",""releaseYear"":""1900"",""seasonNumber"":""22"",""artistandSong"":""Shadow Mountain Choir & Orchestra,  All Hail The Power of Jesus' Name, Michael Sanchez,  His Mercy Is More, Shadow Mountain Choir & Orchestra,  This I Believe (The Creed), Shadow Mountain Choir & Orchestra,  I Speak Jesus"",""episodeNumber"":""46"",""seasonEpisode"":""S22:E46"",""watchButtonLabel"":""Start Watching"",""collectionSortField"":""TBN_OriginalAirDate"",""collectionSortOrder"":""1"",""requiresSubscription"":""true""}","2022-12-01 00:27:09.000","2023-01-13 10:48:42.000"
"tJj9e9qk","Andrew Wommack - Jesus' Farewell Address (Part 10)","ready","video",1649.9849853515625,"2024-06-29 04:32:00.000","[""Salvation"",""Holy Spirit"",""Seek God"",""Love of God"",""Grace"",""Religion"",""Jesus"",""Focus"",""Power of the Holy Spirit"",""Episode"",""seriesId_U55yRWVl"",""Presence of God"",""Andrew Wommack: Gospel Truth"",""Andrew Wommack"",""Comfort"",""Mercy"",""Baptism"",""Abide""]","{""hqme"":""true"",""rating"":""TV-G"",""networks"":""TBN"",""revShare"":""false"",""TBNmediaId"":""HD-AWGT240626"",""programName"":"""",""publishDate"":""June 06, 2024"",""releaseDate"":""January 01, 1900"",""releaseYear"":""1900"",""transactionId"":""325b80d6-250f-4e2f-b52c-be718b8901d6"",""preview_playback"":""https://cdn.jwplayer.com/manifests/tJj9e9qk.m3u8"",""watchButtonLabel"":""Start Watching"",""collectionSortField"":""TBN_OriginalAirDate"",""collectionSortOrder"":""1"",""requiresSubscription"":""true""}","2024-06-28 20:38:17.000","2024-07-12 20:16:39.000"
"NwxB1f0E","Sheila Walsh - Trusting God Over The Long Haul","ready","video",1650.030029296875,"2021-08-04 13:00:00.000","[""Seek God"",""Freedom"",""Religion"",""Overcoming"",""Trials-Hard Times"",""Episode"",""Talk Show"",""seriesId_F1ODHq6h"",""Sheila Walsh"",""Life Today with James Robison"",""Despair"",""Redemption"",""Deliverance"",""Accountability"",""Galatians 5:1"",""Galatians 5:13"",""Contemporary Christian"",""Matthew 11:28-30"",""Romans 8:1-2""]","{""hqme"":""true"",""music"":""Contemporary Christian"",""rating"":""TV-PG"",""networks"":""TBN, Hillsong Channel"",""revShare"":""false"",""prayerFor"":""Deliverance"",""share_url"":""https://share.tbn.org/GHTv/o6rn1xi1"",""TBNmediaId"":""HD-JRLT210804"",""programName"":""Life Today with James Robison"",""releaseDate"":""2021-07-27T21:01:00Z"",""seasonNumber"":""21"",""artistandSong"":""Ginny Owens,  Don't You Dare"",""episodeNumber"":""154"",""collectionSortField"":""TBN_OriginalAirDate"",""collectionSortOrder"":""1"",""requiresSubscription"":""true""}","2021-09-20 19:31:00.000","2023-01-04 18:12:06.000"
"eM5XhLNi","Joel Rosenberg: January 4, 2024 | The Rosenberg Report","ready","video",541.4400024414062,"2024-01-05 02:00:00.000","[""Israel"",""Help"",""Gospel"",""Evil"",""War"",""Religion"",""News"",""Episode"",""Need"",""Violence"",""Bondage"",""Deception"",""Joel Rosenberg"",""seriesId_vW7EBxmS"",""The Rosenberg Report""]","{""hqme"":""true"",""rating"":""TV-G"",""language"":""English"",""networks"":""TBN"",""revShare"":""true"",""TBNmediaId"":""HD-JRRR24-0104"",""contentType"":""episode"",""programName"":""The Rosenberg Report"",""publishDate"":""January 01, 2024"",""releaseDate"":""January 01, 1900"",""releaseYear"":""1900"",""seasonNumber"":"""",""episodeNumber"":"""",""seasonEpisode"":"""",""transactionId"":""d2f19619-2ec1-4c74-99be-b7e7b0c1b9db"",""preview_playback"":""https://cdn.jwplayer.com/manifests/eM5XhLNi.m3u8"",""watchButtonLabel"":""Start Watching"",""collectionSortField"":""TBN_OriginalAirDate"",""collectionSortOrder"":""1"",""requiresSubscription"":""true""}","2024-01-04 23:47:50.000","2024-09-17 21:08:33.000"
"ZCg09z3I","Joyce Meyer - Living Without Strife","ready","video",1649.9849853515625,"2024-05-20 11:00:00.000","[""Holy Spirit"",""Peace"",""Blessing"",""Anger"",""Humility"",""Offense"",""Forgiveness"",""Evil"",""Religion"",""Words we Speak"",""Bitterness"",""Episode"",""seriesId_XDMipIh4"",""Joyce Meyer"",""Division"",""Unity"",""Strife"",""Joyce Meyer: Enjoying Everyday Life""]","{""hqme"":""true"",""rating"":""TV-G"",""language"":""English"",""networks"":""TBN"",""revShare"":""false"",""TBNmediaId"":""HD-JMEEL160100"",""programName"":""Joyce Meyer: Enjoying Everyday Life"",""publishDate"":""May 05, 2024"",""releaseDate"":""January 01, 1900"",""releaseYear"":""1900"",""transactionId"":""2f302f50-cd2d-458c-9dfa-c65e9796e446"",""watchButtonLabel"":""Start Watching"",""collectionSortField"":""TBN_OriginalAirDate"",""collectionSortOrder"":""1"",""requiresSubscription"":""true""}","2024-05-21 18:25:59.000","2024-06-06 13:09:04.000"
"QS679MgG","Centerpoint - January 17, 2024","ready","video",32.599998474121094,"2024-01-18 00:30:00.000","[""Movie"",""Morning on Merit Street""]","{""Host"":""Mike Huckabee"",""Genre"":""Religion;Talk Show"",""TBNmediaId"":""HD-MBS10006"",""EpisodeNumber"":""4"",""programe_name"":"""",""transactionId"":""32901945-5372-4466-abeb-6a94a412b79b""}","2024-02-23 09:00:29.000","2024-02-23 09:01:20.000"
"mM1fsFbx","Centerpoint - January 17, 2024","ready","video",32.599998474121094,"2024-01-18 00:30:00.000","[""Movie"",""Morning on Merit Street""]","{""Host"":""Mike Huckabee"",""Genre"":""Religion;Talk Show"",""TBNmediaId"":""HD-MBS10006"",""EpisodeNumber"":""4"",""programe_name"":"""",""transactionId"":""32901945-5372-4466-abeb-6a94a412b79b""}","2024-02-23 08:59:29.000","2024-02-23 08:59:40.000"
"XabJSVR8","Centerpoint - January 17, 2024","ready","video",32.599998474121094,"2024-01-18 00:30:00.000","[""Movie"",""Morning on Merit Street""]","{""Host"":""Mike Huckabee"",""Genre"":""Religion;Talk Show"",""TBNmediaId"":""HD-MBS10006"",""EpisodeNumber"":""4"",""programe_name"":"""",""transactionId"":""32901945-5372-4466-abeb-6a94a412b79b""}","2024-02-23 08:58:59.000","2024-02-23 08:59:26.000"
"qWVhuD0Q","Centerpoint - January 17, 2024","ready","video",32.599998474121094,"2024-01-18 00:30:00.000","[""Movie"",""Morning on Merit Street""]","{""Host"":""Mike Huckabee"",""Genre"":""Religion;Talk Show"",""TBNmediaId"":""HD-MBS10006"",""EpisodeNumber"":""4"",""programe_name"":"""",""transactionId"":""32901945-5372-4466-abeb-6a94a412b79b""}","2024-02-23 08:57:59.000","2024-02-23 08:58:07.000"
"04BIA2PR","Centuries Collide - The Original Space Race","ready","video",1499.989990234375,"2024-04-13 14:30:00.000","[""American History"",""Centuries Collide"",""Episode"",""Government"",""Missionary"",""Cody Crouch"",""History"",""Slavery"",""seriesId_rKRzbuuO"",""Discover"",""Journey"",""Nations""]","{""cast"":"""",""director"":"""",""revShare"":"""",""share_url"":""https://app-dev.meritplus.com/RsRW/fses9nvo"",""TBNmediaId"":""MS-CCCC0204-DP"",""contentType"":""Episode"",""programName"":""Centuries Collide"",""seasonNumber"":""2"",""episodeNumber"":""4"",""seasonEpisode"":""S2 E4"",""transactionId"":""dd68fb12-3756-4be1-8e44-07c6519ecabb"",""jwplayerSeriesId"":"""",""original_mediaid"":""146ybndw""}","2024-04-24 20:44:52.000","2024-08-05 16:59:34.000"
"NyT0SurX","Centerpoint - January 17, 2024","ready","video",32.599998474121094,"2024-01-18 00:30:00.000","[""Movie"",""Morning on Merit Street""]","{""Host"":""Mike Huckabee"",""Genre"":""Religion;Talk Show"",""TBNmediaId"":""HD-MBS10006"",""EpisodeNumber"":""4"",""programe_name"":"""",""transactionId"":""32901945-5372-4466-abeb-6a94a412b79b""}","2024-02-23 08:57:29.000","2024-02-23 08:57:53.000"
"dLZboUmv","Jentezen Franklin - Israel In Prophecy (Part 1)","ready","video",1649.9849853515625,"2024-11-06 10:30:00.000","[""Salvation"",""Israel"",""Blessing"",""Racism"",""Curses"",""Jewish History"",""Religion"",""Jesus"",""Promises of God"",""Jewish Tradition"",""Chosen people"",""Prophecy"",""Discrimination"",""Episode"",""inActive"",""seriesId_nFCQM9mt"",""Kingdom Connection with Jentezen Franklin"",""Jentezen Franklin"",""Covenant"",""Judaism""]","{""hqme"":""true"",""rating"":""TV-G"",""language"":""English"",""networks"":""TBN"",""revShare"":""false"",""TBNmediaId"":""HD-JF244504"",""programName"":""Kingdom Connection with Jentezen Franklin"",""publishDate"":""November 11, 2024"",""releaseDate"":""January 01, 1900"",""releaseYear"":""1900"",""seasonNumber"":""24"",""episodeNumber"":""4504"",""seasonEpisode"":""S24:E4504"",""watchButtonLabel"":""Start Watching"",""collectionSortField"":""TBN_OriginalAirDate"",""collectionSortOrder"":""1"",""requiresSubscription"":""true""}","2024-11-06 20:15:09.000","2024-11-06 20:39:59.000"
"KTG43GWB","Centerpoint - January 17, 2024","processing","video",32.599998474121094,"2024-01-18 00:30:00.000","[""Movie"",""Morning on Merit Street""]","{""Host"":""Mike Huckabee"",""Genre"":""Religion;Talk Show"",""TBNmediaId"":""HD-MBS10006"",""EpisodeNumber"":""4"",""programe_name"":"""",""transactionId"":""32901945-5372-4466-abeb-6a94a412b79b""}","2024-02-23 08:56:59.000","2024-02-23 08:58:07.000"
"4FgcjwiK","Centerpoint - January 17, 2024","ready","video",32.599998474121094,"2024-01-18 00:30:00.000","[""Movie"",""Morning on Merit Street""]","{""Host"":""Mike Huckabee"",""Genre"":""Religion;Talk Show"",""TBNmediaId"":""HD-MBS10006"",""EpisodeNumber"":""4"",""programe_name"":"""",""transactionId"":""32901945-5372-4466-abeb-6a94a412b79b""}","2024-02-23 08:55:59.000","2024-02-23 08:56:17.000"
"QNr7KJfC","Robots","ready","video",8.800000190734863,"2024-02-05 18:11:00.000","[""robots""]","{""programName"":"""",""transactionId"":""0c54edff-cda2-463c-bd1a-c408bdc01d5a""}","2024-02-06 06:08:24.000","2024-02-06 06:09:01.000"
"Hot50x6N","Blessed Sons and Daughters","ready","video",1649.9849853515625,"2023-07-10 10:30:00.000","[""Love"",""Humility"",""Religion"",""Respect"",""Episode"",""seriesId_rHsI6BKn"",""Shame"",""Robert Morris"",""Pastor Robert Morris Ministries"",""Commandment"",""Compassion"",""Proverbs 22:6"",""Proverbs 13:24"",""Ephesians 6:1-4"",""Proverbs 23:13-14"",""Deuteronomy 6:7""]","{""hqme"":""true"",""rating"":""TV-G"",""language"":""English"",""networks"":""TBN"",""revShare"":""false"",""TBNmediaId"":""HD-PRMM232801"",""programName"":""Pastor Robert Morris Ministries"",""publishDate"":""July 07, 2023"",""releaseDate"":""January 01, 1900"",""releaseYear"":""1900"",""seasonNumber"":""23"",""episodeNumber"":""164"",""seasonEpisode"":""S23:E164"",""watchButtonLabel"":""Start Watching"",""collectionSortField"":""TBN_OriginalAirDate"",""collectionSortOrder"":""1"",""requiresSubscription"":""true""}","2022-12-01 01:01:28.000","2023-11-12 19:58:01.000"
"uC5Kqugj","Joyce Meyer - Why, God, Why? (Part 2)","ready","video",1649.9849853515625,"2024-04-18 06:30:00.000","[""Personal Story"",""Trust God"",""Abundance"",""Peace"",""Struggle"",""Prayer"",""Provision"",""Religion"",""Trials-Hard Times"",""Episode"",""seriesId_XDMipIh4"",""Joyce Meyer"",""Rest"",""Mistakes"",""Double-minded"",""Depression"",""Joyce Meyer: Enjoying Everyday Life"",""Psalm 37:5""]","{""rating"":""TV-G"",""language"":""English"",""networks"":""TBN"",""TBNmediaId"":""HD-JMEEL159604"",""programName"":""Joyce Meyer: Enjoying Everyday Life"",""publishDate"":""April 04, 2024"",""transactionId"":""3b42097c-8c2a-4ba8-8808-4c36c3c561bd"",""watchButtonLabel"":""Start Watching""}","2024-04-19 15:34:59.000","2024-06-06 13:14:16.000"
"ZPjW4qxj","Steven Furtick - The Blessing of Letting Go (Part 2)","ready","video",1649.9420166015625,"2024-08-09 03:30:00.000","[""steven furtick"",""Faith"",""Trust God"",""Blessing"",""Struggle"",""Challenges"",""Surrender"",""Religion"",""Trials-Hard Times"",""Episode"",""seriesId_mT4Z2qko"",""Presence of God"",""Hand of God""]","{""rating"":""TV-G"",""language"":""English"",""networks"":""TBN"",""TBNmediaId"":""HD-SF241502"",""programName"":""Steven Furtick"",""publishDate"":""April 04, 2024"",""transactionId"":""3bb403ac-7eb2-428c-ad96-3479fe17d03c"",""watchButtonLabel"":""Start Watching""}","2024-04-09 22:26:28.000","2024-08-21 18:18:16.000"
"vPGHubUB","The Autobiography of Miss Jane Pittman","ready","video",6566.69921875,"2022-05-02 19:00:00.000","[""History"",""Movie"",""Drama"",""seriesId_"",""inActive"",""Movies/Film"",""Cicely Tyson"",""The Autobiography of Miss Jane Pittman"",""Eric Brown"",""Richard Dysart""]","{""cast"":""Cicely Tyson, Eric Brown, Richard Dysart"",""rating"":""PG"",""networks"":""Positiv"",""TBNmediaId"":""HD-PMC0327"",""contentType"":""movie"",""programName"":""The Autobiography of Miss Jane Pittman"",""publishDate"":""May 05, 2022"",""releaseDate"":""April 04, 2022"",""releaseYear"":""2022"",""seasonEpisode"":""S"",""transactionId"":""5c0b98cd-18b9-4a36-9670-3e3d0242e846"",""original_mediaid"":""oWQ5XKwH"",""watchButtonLabel"":""Start Watching""}","2023-07-08 05:42:38.000","2024-05-22 20:39:26.000"
"8iu4vjIq","Steven Furtick - Challenge the Shadow (Part 3)","ready","video",1649.9849853515625,"2024-04-24 03:30:00.000","[""steven furtick"",""Walk with God"",""Challenges"",""Seek God"",""Religion"",""Trials-Hard Times"",""Change"",""Focus"",""Discouragement"",""Stress"",""Episode"",""seriesId_mT4Z2qko"",""Presence of God"",""Signs & Wonders"",""Hand of God""]","{""rating"":""TV-G"",""language"":""English"",""networks"":""TBN"",""TBNmediaId"":""HD-SF241703"",""programName"":""Steven Furtick"",""publishDate"":""April 04, 2024"",""transactionId"":""b6f0ada0-7650-4268-ab34-66827cfaf993"",""preview_playback"":""https://cdn.jwplayer.com/manifests/8iu4vjIq.m3u8"",""watchButtonLabel"":""Start Watching""}","2024-04-25 17:44:01.000","2024-08-26 16:34:09.000"
"iLSvAXF0","August 16, 2024 | Morning On Merit Street","ready","video",7200.009765625,"2024-08-16 12:00:00.000","[""Morning on Merit Street"",""seriesId_jryHEWXj"",""Live Clipped""]","{""VCH.ID"":""8a706f38-8abe-4d46-8353-d25a6e320732"",""VCH.DRM"":""False"",""networks"":""MSM"",""share_url"":""https://app.meritplus.com/Ejbe/sgzioskr"",""programName"":"""",""transactionId"":""50860f51-e6e9-4738-a31b-6bb5f2464ae9"",""VCH.EventState"":""VOD_PUBLIC"",""VCH.ScheduledEnd"":""2024-08-16T14:00:09Z"",""preview_playback"":""https://cdn.jwplayer.com/manifests/iLSvAXF0.m3u8"",""VCH.ScheduledStart"":""2024-08-16T12:00:09Z""}","2024-08-16 14:09:54.000","2024-08-19 18:53:18.000"
"jd26JV1j","Joyce Meyer - Finding God's Will for Your Life (Part 4)","ready","video",1649.9849853515625,"2024-05-10 06:30:00.000","[""Faith"",""Holy Spirit"",""Trust God"",""God's Will"",""Lifestyle"",""Forgiveness"",""Christianity"",""Religion"",""Joy"",""Episode"",""seriesId_XDMipIh4"",""Joyce Meyer"",""Heaven"",""Eternal Life"",""Joyce Meyer: Enjoying Everyday Life""]","{""rating"":""TV-G"",""language"":""English"",""networks"":""TBN"",""TBNmediaId"":""HD-JMEEL159905"",""programName"":""Joyce Meyer: Enjoying Everyday Life"",""publishDate"":""May 05, 2024"",""transactionId"":""5698edbb-54de-441f-b170-8da3a3f21214"",""biblicalPeople"":""God, Jesus Christ"",""watchButtonLabel"":""Start Watching""}","2024-05-10 18:26:59.000","2024-06-06 13:14:46.000"
"LREm0jR0","Centerpoint - January 17, 2024","ready","video",32.599998474121094,"2024-01-18 00:30:00.000","[""Movie"",""Morning on Merit Street""]","{""Host"":""Mike Huckabee"",""Genre"":""Religion;Talk Show"",""TBNmediaId"":""HD-MBS10006"",""EpisodeNumber"":""4"",""programe_name"":"""",""transactionId"":""32901945-5372-4466-abeb-6a94a412b79b""}","2024-02-23 08:55:29.000","2024-02-23 08:56:05.000"
